{"train/episodes":718.9145102691481,"train/epochs":1.1863275747015645,"train/loss":0.4462897737324238,"_runtime":1760.043786504,"train/dataloading_s":0.013794205400627106,"train/kld_loss":0.024488676339387894,"_timestamp":1.7663358183377166e+09,"train/grad_norm":14.104039330482482,"train/l1_loss":0.17442339658737183,"_step":2000,"train/update_s":0.38295941221294927,"_wandb":{"runtime":1760},"train/steps":2000,"train/samples":128000,"train/lr":1.0000000000000021e-05}