{"train/dataloading_s":0.013668608230073005,"train/lr":1.0000000000000021e-05,"train/episodes":3594.57255134574,"train/samples":640000,"train/kld_loss":5.4152682423591614e-05,"train/loss":0.07742396857589483,"train/grad_norm":4.719691082239151,"_wandb":{"runtime":5183},"_timestamp":1.7663412511029603e+09,"train/steps":10000,"train/epochs":5.931637873507823,"_step":10000,"train/l1_loss":0.06666654348373413,"train/update_s":0.38698324489640074,"_runtime":5183.422201983}