{"train/kld_loss":0.0005772183649241924,"_wandb":{"runtime":3895},"train/lr":1.000000000000002e-05,"train/steps":6000,"_timestamp":1.7663388076404746e+09,"train/l1_loss":0.10825660824775696,"train/loss":0.10861156534403564,"train/dataloading_s":0.013608448684681206,"train/update_s":0.38525434013921767,"_runtime":3895,"train/samples":384000,"train/grad_norm":5.753539954423904,"train/episodes":2156.743530807444,"_step":6000,"train/epochs":3.5589827241046934}