{"train/kld_loss":0.0005772183649241924,"train/grad_norm":5.753539954423904,"train/dataloading_s":0.013608448684681206,"train/loss":0.10861156534403563,"train/episodes":2156.743530807444,"train/update_s":0.38525434013921767,"train/epochs":3.5589827241046934,"train/l1_loss":0.10825660824775696,"_runtime":3472.085696921,"train/steps":6000,"train/lr":1.0000000000000021e-05,"_step":6000,"_timestamp":1.7663388076404746e+09,"_wandb":{"runtime":3472},"train/samples":384000}