{"train/samples":128000,"train/kld_loss":0.024488676339387897,"train/lr":1.000000000000002e-05,"_step":2000,"_wandb":{"runtime":1762},"train/dataloading_s":0.013794205400627106,"train/l1_loss":0.17442339658737183,"train/epochs":1.1863275747015645,"train/episodes":718.9145102691481,"train/steps":2000,"_timestamp":1.7663358183377166e+09,"_runtime":1762,"train/loss":0.4462897737324238,"train/update_s":0.38295941221294927,"train/grad_norm":14.104039330482482}